StackCP,https://stackcp.com
Gmail 1,https://mail.google.com/mail/u/0/
Gmail 2,https://mail.google.com/mail/u/1/
Google Chat 1,https://mail.google.com/chat/u/0/
Google Chat 2,https://mail.google.com/chat/u/1/
Accesstrade,https://publisher.accesstrade.global/
Canva,https://canva.com
Github Education,https://education.github.com/events
Youtube Studio,https://studio.youtube.com/
Jeli.my,https://jeli.darwishzain.com/index.php?home
Trello,https://trello.com/
Github,https://github.com
Sci-Hub,https://sci-hub.se/
Kalam,https://kalam.ump.edu.my
EComm,https://community.ump.edu.my
OneDrive,https://onedrive.live.com/
OneNote,https://www.onenote.com/notebooks?auth=1
Teams,https://teams.microsoft.com

